Model,Size,Chip,CPU,GPU,RAM,Storage,Launch Price,Launch Date
MacBook Pro,14,M5 Max,18,40,128,8000,$6899,2026-03-11
MacBook Pro,16,M5 Max,18,40,128,8000,$7349,2026-03-11
MacBook Pro,14,M5 Max,18,40,128,4000,$5699,2026-03-11
MacBook Pro,16,M5 Max,18,40,128,4000,$5699,2026-03-11
MacBook Pro,14,M5 Max,18,40,128,2000,$5099,2026-03-11
MacBook Pro,16,M5 Max,18,40,128,2000,$5099,2026-03-11
MacBook Pro,14,M3 Max,16,40,128,8000,$6599,2023-11-07
MacBook Pro,16,M3 Max,16,40,128,8000,$6799,2023-11-09
MacBook Pro,14,M4 Max,16,40,128,8000,$6999,2024-11-08
MacBook Pro,16,M4 Max,16,40,128,8000,$7349,2024-11-08
MacBook Pro,14,M3 Max,16,40,128,4000,$5599,2023-11-07
MacBook Pro,16,M3 Max,16,40,128,4000,$5799,2023-11-09
MacBook Pro,14,M4 Max,16,40,128,4000,$5999,2024-11-08
MacBook Pro,16,M4 Max,16,40,128,4000,$5999,2024-11-08
MacBook Pro,14,M3 Max,16,40,128,2000,$4999,2023-11-07
MacBook Pro,16,M3 Max,16,40,128,2000,$5199,2023-11-09
MacBook Pro,14,M4 Max,16,40,128,2000,$5399,2024-11-08
MacBook Pro,16,M4 Max,16,40,128,2000,$5399,2024-11-08
MacBook Pro,14,M3 Max,16,40,128,1000,$4599,2023-11-07
MacBook Pro,16,M3 Max,16,40,128,1000,$4799,2023-11-09
MacBook Pro,14,M4 Max,16,40,128,1000,$4999,2024-11-08
MacBook Pro,16,M4 Max,16,40,128,1000,$4999,2024-11-08
MacBook Pro,16,M3 Max,16,40,128,512,$4599,2023-11-09
MacBook Pro,14,M3 Max,16,40,96,8000,$5899,2023-11-07
MacBook Pro,16,M3 Max,16,40,96,8000,$6099,2023-11-09
MacBook Pro,14,M3 Max,16,40,96,4000,$4899,2023-11-07
MacBook Pro,16,M3 Max,16,40,96,4000,$5099,2023-11-09
MacBook Pro,14,M3 Max,16,40,96,2000,$4299,2023-11-07
MacBook Pro,16,M3 Max,16,40,96,2000,$4499,2023-11-09
MacBook Pro,14,M3 Max,16,40,96,1000,$3899,2023-11-07
MacBook Pro,16,M3 Max,16,40,96,1000,$4099,2023-11-09
MacBook Pro,16,M3 Max,16,40,96,512,$3899,2023-11-09
MacBook Pro,14,M3 Max,14,30,96,8000,$5599,2023-11-07
MacBook Pro,16,M3 Max,14,30,96,8000,$5899,2023-11-09
MacBook Pro,14,M3 Max,14,30,96,4000,$4599,2023-11-07
MacBook Pro,16,M3 Max,14,30,96,4000,$4899,2023-11-09
MacBook Pro,14,M3 Max,14,30,96,2000,$3999,2023-11-07
MacBook Pro,16,M3 Max,14,30,96,2000,$4299,2023-11-09
MacBook Pro,14,M3 Max,14,30,96,1000,$3599,2023-11-07
MacBook Pro,16,M3 Max,14,30,96,1000,$3899,2023-11-09
MacBook Pro,14,M2 Max,12,38,96,8000,$6099,2023-01-24
MacBook Pro,16,M2 Max,12,38,96,8000,$6099,2023-01-24
MacBook Pro,14,M2 Max,12,38,96,4000,$5099,2023-01-24
MacBook Pro,16,M2 Max,12,38,96,4000,$5099,2023-01-24
MacBook Pro,14,M2 Max,12,38,96,2000,$4499,2023-01-24
MacBook Pro,16,M2 Max,12,38,96,2000,$4499,2023-01-24
MacBook Pro,14,M2 Max,12,38,96,1000,$4099,2023-01-24
MacBook Pro,16,M2 Max,12,38,96,1000,$4099,2023-01-24
MacBook Pro,14,M2 Max,12,38,96,512,$3899,2023-01-24
MacBook Pro,16,M2 Max,12,38,96,512,$3899,2023-01-24
MacBook Pro,14,M2 Max,12,30,96,8000,$5699,2023-01-24
MacBook Pro,16,M2 Max,12,30,96,8000,$5699,2023-01-24
MacBook Pro,14,M2 Max,12,30,96,4000,$4699,2023-01-24
MacBook Pro,16,M2 Max,12,30,96,4000,$4699,2023-01-24
MacBook Pro,14,M2 Max,12,30,96,2000,$4099,2023-01-24
MacBook Pro,16,M2 Max,12,30,96,2000,$4099,2023-01-24
MacBook Pro,14,M2 Max,12,30,96,1000,$3699,2023-01-24
MacBook Pro,16,M2 Max,12,30,96,1000,$3699,2023-01-24
MacBook Pro,14,M2 Max,12,30,96,512,$3499,2023-01-24
MacBook Pro,16,M2 Max,12,30,96,512,$3499,2023-01-24
MacBook Pro,14,M5 Max,18,40,64,8000,$6599,2026-03-11
MacBook Pro,16,M5 Max,18,40,64,8000,$6599,2026-03-11
MacBook Pro,14,M5 Max,18,40,64,4000,$4799,2026-03-11
MacBook Pro,16,M5 Max,18,40,64,4000,$4799,2026-03-11
MacBook Pro,14,M5 Max,18,40,64,2000,$4199,2026-03-11
MacBook Pro,16,M5 Max,18,40,64,2000,$4199,2026-03-11
MacBook Pro,14,M5 Pro,18,20,64,4000,$4299,2026-03-11
MacBook Pro,16,M5 Pro,18,20,64,4000,$4299,2026-03-11
MacBook Pro,14,M5 Pro,18,20,64,2000,$3699,2026-03-11
MacBook Pro,16,M5 Pro,18,20,64,2000,$3699,2026-03-11
MacBook Pro,14,M5 Pro,18,20,64,1000,$3299,2026-03-11
MacBook Pro,16,M5 Pro,18,20,64,1000,$3299,2026-03-11
MacBook Pro,14,M3 Max,16,40,64,8000,$5699,2023-11-07
MacBook Pro,16,M3 Max,16,40,64,8000,$5899,2023-11-09
MacBook Pro,14,M4 Max,16,40,64,8000,$6199,2024-11-08
MacBook Pro,16,M4 Max,16,40,64,8000,$6199,2024-11-08
MacBook Pro,14,M3 Max,16,40,64,4000,$4699,2023-11-07
MacBook Pro,16,M3 Max,16,40,64,4000,$4899,2023-11-09
MacBook Pro,14,M4 Max,16,40,64,4000,$5199,2024-11-08
MacBook Pro,16,M4 Max,16,40,64,4000,$5199,2024-11-08
MacBook Pro,14,M3 Max,16,40,64,2000,$4099,2023-11-07
MacBook Pro,16,M3 Max,16,40,64,2000,$4299,2023-11-09
MacBook Pro,14,M4 Max,16,40,64,2000,$4599,2024-11-08
MacBook Pro,16,M4 Max,16,40,64,2000,$4599,2024-11-08
MacBook Pro,14,M3 Max,16,40,64,1000,$3699,2023-11-07
MacBook Pro,16,M3 Max,16,40,64,1000,$3899,2023-11-09
MacBook Pro,14,M4 Max,16,40,64,1000,$4199,2024-11-08
MacBook Pro,16,M4 Max,16,40,64,1000,$4199,2024-11-08
MacBook Pro,16,M3 Max,16,40,64,512,$3699,2023-11-09
MacBook Pro,14,M3 Max,14,30,64,8000,$5399,2023-11-07
MacBook Pro,16,M3 Max,14,30,64,8000,$5699,2023-11-09
MacBook Pro,14,M3 Max,14,30,64,4000,$4399,2023-11-07
MacBook Pro,16,M3 Max,14,30,64,4000,$4699,2023-11-09
MacBook Pro,14,M3 Max,14,30,64,2000,$3799,2023-11-07
MacBook Pro,16,M3 Max,14,30,64,2000,$4099,2023-11-09
MacBook Pro,14,M3 Max,14,30,64,1000,$3399,2023-11-07
MacBook Pro,16,M3 Max,14,30,64,1000,$3699,2023-11-09
MacBook Pro,14,M4 Pro,14,20,64,8000,$5299,2024-11-08
MacBook Pro,16,M4 Pro,14,20,64,8000,$5299,2024-11-08
MacBook Pro,14,M4 Pro,14,20,64,4000,$4299,2024-11-08
MacBook Pro,16,M4 Pro,14,20,64,4000,$4299,2024-11-08
MacBook Pro,14,M4 Pro,14,20,64,2000,$3699,2024-11-08
MacBook Pro,16,M4 Pro,14,20,64,2000,$3699,2024-11-08
MacBook Pro,14,M4 Pro,14,20,64,1000,$3299,2024-11-08
MacBook Pro,16,M4 Pro,14,20,64,1000,$3299,2024-11-08
MacBook Pro,14,M4 Pro,14,20,64,512,$3099,2024-11-08
MacBook Pro,16,M4 Pro,14,20,64,512,$3099,2024-11-08
MacBook Pro,14,M2 Max,12,38,64,8000,$5899,2023-01-24
MacBook Pro,16,M2 Max,12,38,64,8000,$5899,2023-01-24
MacBook Pro,14,M2 Max,12,38,64,4000,$4899,2023-01-24
MacBook Pro,16,M2 Max,12,38,64,4000,$4899,2023-01-24
MacBook Pro,14,M2 Max,12,38,64,2000,$4299,2023-01-24
MacBook Pro,16,M2 Max,12,38,64,2000,$4299,2023-01-24
MacBook Pro,14,M2 Max,12,38,64,1000,$3899,2023-01-24
MacBook Pro,16,M2 Max,12,38,64,1000,$3899,2023-01-24
MacBook Pro,14,M2 Max,12,38,64,512,$3699,2023-01-24
MacBook Pro,16,M2 Max,12,38,64,512,$3699,2023-01-24
MacBook Pro,14,M2 Max,12,30,64,8000,$5499,2023-01-24
MacBook Pro,16,M2 Max,12,30,64,8000,$5499,2023-01-24
MacBook Pro,14,M2 Max,12,30,64,4000,$4499,2023-01-24
MacBook Pro,16,M2 Max,12,30,64,4000,$4499,2023-01-24
MacBook Pro,14,M2 Max,12,30,64,2000,$3899,2023-01-24
MacBook Pro,16,M2 Max,12,30,64,2000,$3899,2023-01-24
MacBook Pro,14,M2 Max,12,30,64,1000,$3499,2023-01-24
MacBook Pro,16,M2 Max,12,30,64,1000,$3499,2023-01-24
MacBook Pro,14,M2 Max,12,30,64,512,$3299,2023-01-24
MacBook Pro,16,M2 Max,12,30,64,512,$3299,2023-01-24
MacBook Pro,14,M1 Max,10,32,64,8000,$6099,2021-10-26
MacBook Pro,16,M1 Max,10,32,64,8000,$5699,2021-10-26
MacBook Pro,14,M1 Max,10,32,64,4000,$5099,2021-10-26
MacBook Pro,16,M1 Max,10,32,64,4000,$4699,2021-10-26
MacBook Pro,14,M1 Max,10,32,64,2000,$4499,2021-10-26
MacBook Pro,16,M1 Max,10,32,64,2000,$4099,2021-10-26
MacBook Pro,14,M1 Max,10,32,64,1000,$4099,2021-10-26
MacBook Pro,16,M1 Max,10,32,64,1000,$3899,2021-10-26
MacBook Pro,14,M1 Max,10,32,64,512,$3899,2021-10-26
MacBook Pro,14,M1 Max,10,24,64,8000,$5699,2021-10-26
MacBook Pro,14,M1 Max,10,24,64,4000,$4699,2021-10-26
MacBook Pro,14,M1 Max,10,24,64,2000,$4099,2021-10-26
MacBook Pro,14,M1 Max,10,24,64,1000,$3699,2021-10-26
MacBook Pro,14,M1 Max,10,24,64,512,$3499,2021-10-26
MacBook Pro,14,M5 Max,18,40,48,8000,$6399,2026-03-11
MacBook Pro,16,M5 Max,18,40,48,8000,$6399,2026-03-11
MacBook Pro,14,M5 Max,18,40,48,4000,$4599,2026-03-11
MacBook Pro,16,M5 Max,18,40,48,4000,$4599,2026-03-11
MacBook Pro,14,M5 Max,18,40,48,2000,$3999,2026-03-11
MacBook Pro,16,M5 Max,18,40,48,2000,$3999,2026-03-11
MacBook Pro,14,M5 Pro,18,20,48,4000,$4099,2026-03-11
MacBook Pro,16,M5 Pro,18,20,48,4000,$4099,2026-03-11
MacBook Pro,14,M5 Pro,18,20,48,2000,$3499,2026-03-11
MacBook Pro,16,M5 Pro,18,20,48,2000,$3499,2026-03-11
MacBook Pro,14,M5 Pro,18,20,48,1000,$3099,2026-03-11
MacBook Pro,16,M5 Pro,18,20,48,1000,$3099,2026-03-11
MacBook Pro,14,M3 Max,16,40,48,8000,$5499,2023-11-07
MacBook Pro,16,M3 Max,16,40,48,8000,$5699,2023-11-09
MacBook Pro,14,M4 Max,16,40,48,8000,$5999,2024-11-08
MacBook Pro,16,M4 Max,16,40,48,8000,$5999,2024-11-08
MacBook Pro,14,M3 Max,16,40,48,4000,$4499,2023-11-07
MacBook Pro,16,M3 Max,16,40,48,4000,$4699,2023-11-09
MacBook Pro,14,M4 Max,16,40,48,4000,$4999,2024-11-08
MacBook Pro,16,M4 Max,16,40,48,4000,$4999,2024-11-08
MacBook Pro,14,M3 Max,16,40,48,2000,$3899,2023-11-07
MacBook Pro,16,M3 Max,16,40,48,2000,$4099,2023-11-09
MacBook Pro,14,M4 Max,16,40,48,2000,$4399,2024-11-08
MacBook Pro,16,M4 Max,16,40,48,2000,$4399,2024-11-08
MacBook Pro,14,M3 Max,16,40,48,1000,$3499,2023-11-07
MacBook Pro,16,M3 Max,16,40,48,1000,$3699,2023-11-09
MacBook Pro,14,M4 Max,16,40,48,1000,$3999,2024-11-08
MacBook Pro,16,M4 Max,16,40,48,1000,$3999,2024-11-08
MacBook Pro,16,M3 Max,16,40,48,512,$3499,2023-11-09
MacBook Pro,14,M5 Pro,15,16,48,4000,$3599,2026-03-11
MacBook Pro,14,M5 Pro,15,16,48,2000,$2999,2026-03-11
MacBook Pro,14,M5 Pro,15,16,48,1000,$2599,2026-03-11
MacBook Pro,14,M4 Pro,14,20,48,8000,$5099,2024-11-08
MacBook Pro,16,M4 Pro,14,20,48,8000,$5099,2024-11-08
MacBook Pro,14,M4 Pro,14,20,48,4000,$4099,2024-11-08
MacBook Pro,16,M4 Pro,14,20,48,4000,$4099,2024-11-08
MacBook Pro,14,M4 Pro,14,20,48,2000,$3499,2024-11-08
MacBook Pro,16,M4 Pro,14,20,48,2000,$3499,2024-11-08
MacBook Pro,14,M4 Pro,14,20,48,1000,$3099,2024-11-08
MacBook Pro,16,M4 Pro,14,20,48,1000,$3099,2024-11-08
MacBook Pro,14,M4 Pro,14,20,48,512,$2899,2024-11-08
MacBook Pro,16,M4 Pro,14,20,48,512,$2899,2024-11-08
MacBook Pro,14,M4 Pro,12,16,48,8000,$4399,2024-11-08
MacBook Pro,14,M4 Pro,12,16,48,4000,$3399,2024-11-08
MacBook Pro,14,M4 Pro,12,16,48,2000,$2799,2024-11-08
MacBook Pro,14,M4 Pro,12,16,48,1000,$2399,2024-11-08
MacBook Pro,14,M4 Pro,12,16,48,512,$2199,2024-11-08
MacBook Pro,14,M5 Max,18,32,36,8000,$5999,2026-03-11
MacBook Pro,16,M5 Max,18,32,36,8000,$6299,2026-03-11
MacBook Pro,14,M5 Max,18,32,36,4000,$4199,2026-03-11
MacBook Pro,16,M5 Max,18,32,36,4000,$4499,2026-03-11
MacBook Pro,14,M5 Max,18,32,36,2000,$3599,2026-03-11
MacBook Pro,16,M5 Max,18,32,36,2000,$3899,2026-03-11
MacBook Pro,14,M4 Max,14,32,36,8000,$5499,2024-11-08
MacBook Pro,16,M4 Max,14,32,36,8000,$5499,2024-11-08
MacBook Pro,14,M4 Max,14,32,36,4000,$4499,2024-11-08
MacBook Pro,16,M4 Max,14,32,36,4000,$4499,2024-11-08
MacBook Pro,14,M4 Max,14,32,36,2000,$3899,2024-11-08
MacBook Pro,16,M4 Max,14,32,36,2000,$3899,2024-11-08
MacBook Pro,14,M4 Max,14,32,36,1000,$3499,2024-11-08
MacBook Pro,16,M4 Max,14,32,36,1000,$3499,2024-11-08
MacBook Pro,14,M3 Max,14,30,36,8000,$5199,2023-11-07
MacBook Pro,16,M3 Max,14,30,36,8000,$5499,2023-11-09
MacBook Pro,14,M3 Max,14,30,36,4000,$4199,2023-11-07
MacBook Pro,16,M3 Max,14,30,36,4000,$4499,2023-11-09
MacBook Pro,14,M3 Max,14,30,36,2000,$3599,2023-11-07
MacBook Pro,16,M3 Max,14,30,36,2000,$3899,2023-11-09
MacBook Pro,14,M3 Max,14,30,36,1000,$3199,2023-11-07
MacBook Pro,16,M3 Max,14,30,36,1000,$3499,2023-11-09
MacBook Pro,14,M3 Pro,12,18,36,8000,$4799,2023-11-07
MacBook Pro,16,M3 Pro,12,18,36,8000,$4899,2023-11-07
MacBook Pro,14,M3 Pro,12,18,36,4000,$3799,2023-11-07
MacBook Pro,16,M3 Pro,12,18,36,4000,$3899,2023-11-07
MacBook Pro,14,M3 Pro,12,18,36,2000,$3199,2023-11-07
MacBook Pro,16,M3 Pro,12,18,36,2000,$3299,2023-11-07
MacBook Pro,14,M3 Pro,12,18,36,1000,$2799,2023-11-07
MacBook Pro,16,M3 Pro,12,18,36,1000,$2899,2023-11-07
MacBook Pro,14,M3 Pro,12,18,36,512,$2599,2023-11-07
MacBook Pro,16,M3 Pro,12,18,36,512,$2699,2023-11-07
MacBook Pro,14,M3 Pro,11,14,36,8000,$4399,2023-11-07
MacBook Pro,14,M3 Pro,11,14,36,4000,$3399,2023-11-07
MacBook Pro,14,M3 Pro,11,14,36,2000,$2799,2023-11-07
MacBook Pro,14,M3 Pro,11,14,36,1000,$2399,2023-11-07
MacBook Pro,14,M3 Pro,11,14,36,512,$2199,2023-11-07
MacBook Pro,14,M2 Max,12,38,32,8000,$5699,2023-01-24
MacBook Pro,16,M2 Max,12,38,32,8000,$5699,2023-01-24
MacBook Pro,14,M2 Max,12,38,32,4000,$4699,2023-01-24
MacBook Pro,16,M2 Max,12,38,32,4000,$4699,2023-01-24
MacBook Pro,14,M2 Max,12,38,32,2000,$4099,2023-01-24
MacBook Pro,16,M2 Max,12,38,32,2000,$4099,2023-01-24
MacBook Pro,14,M2 Max,12,38,32,1000,$3699,2023-01-24
MacBook Pro,16,M2 Max,12,38,32,1000,$3699,2023-01-24
MacBook Pro,14,M2 Max,12,38,32,512,$3499,2023-01-24
MacBook Pro,16,M2 Max,12,38,32,512,$3499,2023-01-24
MacBook Pro,14,M2 Max,12,30,32,8000,$5299,2023-01-24
MacBook Pro,16,M2 Max,12,30,32,8000,$5299,2023-01-24
MacBook Pro,14,M2 Max,12,30,32,4000,$4299,2023-01-24
MacBook Pro,16,M2 Max,12,30,32,4000,$4299,2023-01-24
MacBook Pro,14,M2 Max,12,30,32,2000,$3699,2023-01-24
MacBook Pro,16,M2 Max,12,30,32,2000,$3699,2023-01-24
MacBook Pro,14,M2 Max,12,30,32,1000,$3299,2023-01-24
MacBook Pro,16,M2 Max,12,30,32,1000,$3299,2023-01-24
MacBook Pro,14,M2 Max,12,30,32,512,$3099,2023-01-24
MacBook Pro,16,M2 Max,12,30,32,512,$3099,2023-01-24
MacBook Pro,14,M2 Pro,12,19,32,8000,$4899,2023-01-24
MacBook Pro,16,M2 Pro,12,19,32,8000,$4899,2023-01-24
MacBook Pro,14,M2 Pro,12,19,32,4000,$3899,2023-01-24
MacBook Pro,16,M2 Pro,12,19,32,4000,$3899,2023-01-24
MacBook Pro,14,M2 Pro,12,19,32,2000,$3299,2023-01-24
MacBook Pro,16,M2 Pro,12,19,32,2000,$3299,2023-01-24
MacBook Pro,14,M2 Pro,12,19,32,1000,$2899,2023-01-24
MacBook Pro,16,M2 Pro,12,19,32,1000,$2899,2023-01-24
MacBook Pro,14,M2 Pro,12,19,32,512,$2699,2023-01-24
MacBook Pro,16,M2 Pro,12,19,32,512,$2699,2023-01-24
MacBook Pro,14,M1 Max,10,32,32,8000,$5699,2021-10-26
MacBook Pro,16,M1 Max,10,32,32,8000,$5299,2021-10-26
MacBook Pro,14,M1 Max,10,32,32,4000,$4699,2021-10-26
MacBook Pro,16,M1 Max,10,32,32,4000,$4299,2021-10-26
MacBook Pro,14,M1 Max,10,32,32,2000,$4099,2021-10-26
MacBook Pro,16,M1 Max,10,32,32,2000,$3699,2021-10-26
MacBook Pro,14,M1 Max,10,32,32,1000,$3699,2021-10-26
MacBook Pro,16,M1 Max,10,32,32,1000,$3499,2021-10-26
MacBook Pro,14,M1 Max,10,32,32,512,$3499,2021-10-26
MacBook Pro,14,M1 Max,10,24,32,8000,$5299,2021-10-26
MacBook Pro,14,M1 Max,10,24,32,4000,$4299,2021-10-26
MacBook Pro,14,M1 Max,10,24,32,2000,$3699,2021-10-26
MacBook Pro,14,M1 Max,10,24,32,1000,$3299,2021-10-26
MacBook Pro,14,M1 Max,10,24,32,512,$3099,2021-10-26
MacBook Pro,14,M1 Pro,10,16,32,8000,$4499,2021-10-26
MacBook Pro,16,M1 Pro,10,16,32,8000,$4899,2021-10-26
MacBook Pro,14,M2 Pro,10,16,32,8000,$4399,2023-01-24
MacBook Pro,14,M1 Pro,10,16,32,4000,$3499,2021-10-26
MacBook Pro,16,M1 Pro,10,16,32,4000,$3899,2021-10-26
MacBook Pro,14,M2 Pro,10,16,32,4000,$3399,2023-01-24
MacBook Pro,14,M1 Pro,10,16,32,2000,$2899,2021-10-26
MacBook Pro,16,M1 Pro,10,16,32,2000,$3299,2021-10-26
MacBook Pro,14,M2 Pro,10,16,32,2000,$2799,2023-01-24
MacBook Pro,14,M1 Pro,10,16,32,1000,$2699,2021-10-26
MacBook Pro,16,M1 Pro,10,16,32,1000,$2899,2021-10-26
MacBook Pro,14,M2 Pro,10,16,32,1000,$2399,2023-01-24
MacBook Pro,16,M1 Pro,10,16,32,512,$2699,2021-10-26
MacBook Pro,14,M2 Pro,10,16,32,512,$2199,2023-01-24
MacBook Air,13,M5,10,10,32,4000,$2899,2026-03-11
MacBook Air,15,M5,10,10,32,4000,$2899,2026-03-11
MacBook Pro,14,M4,10,10,32,4000,$3199,2024-11-08
MacBook Pro,14,M5,10,10,32,4000,$3199,2025-10-24
MacBook Air,13,M4,10,10,32,2000,$2399,2025-03-05
MacBook Air,15,M4,10,10,32,2000,$2399,2025-03-05
MacBook Air,13,M5,10,10,32,2000,$2299,2026-03-11
MacBook Air,15,M5,10,10,32,2000,$2299,2026-03-11
MacBook Pro,14,M4,10,10,32,2000,$2599,2024-11-08
MacBook Pro,14,M5,10,10,32,2000,$2599,2025-10-24
MacBook Air,13,M4,10,10,32,1000,$1999,2025-03-05
MacBook Air,15,M4,10,10,32,1000,$1999,2025-03-05
MacBook Air,13,M5,10,10,32,1000,$1899,2026-03-11
MacBook Air,15,M5,10,10,32,1000,$1899,2026-03-11
MacBook Pro,14,M4,10,10,32,1000,$2199,2024-11-08
MacBook Pro,14,M5,10,10,32,1000,$2199,2025-10-24
MacBook Air,13,M4,10,10,32,512,$1799,2025-03-05
MacBook Air,15,M4,10,10,32,512,$1799,2025-03-05
MacBook Air,13,M5,10,10,32,512,$1599,2026-03-11
MacBook Air,15,M5,10,10,32,512,$1699,2026-03-11
MacBook Pro,14,M4,10,10,32,512,$1999,2024-11-08
MacBook Pro,14,M5,10,10,32,512,$1999,2025-10-24
MacBook Air,13,M4,10,10,32,256,$1599,2025-03-05
MacBook Air,15,M4,10,10,32,256,$1599,2025-03-05
MacBook Pro,14,M1 Pro,8,14,32,8000,$4399,2021-10-26
MacBook Pro,14,M1 Pro,8,14,32,4000,$3399,2021-10-26
MacBook Pro,14,M1 Pro,8,14,32,2000,$2799,2021-10-26
MacBook Pro,14,M1 Pro,8,14,32,1000,$2399,2021-10-26
MacBook Pro,14,M1 Pro,8,14,32,512,$2199,2021-10-26
MacBook Pro,14,M5 Pro,18,20,24,4000,$3399,2026-03-11
MacBook Pro,16,M5 Pro,18,20,24,4000,$3699,2026-03-11
MacBook Pro,14,M5 Pro,18,20,24,2000,$2799,2026-03-11
MacBook Pro,16,M5 Pro,18,20,24,2000,$3099,2026-03-11
MacBook Pro,14,M5 Pro,18,20,24,1000,$2699,2026-03-11
MacBook Pro,16,M5 Pro,18,20,24,1000,$2699,2026-03-11
MacBook Pro,14,M5 Pro,15,16,24,4000,$3199,2026-03-11
MacBook Pro,14,M5 Pro,15,16,24,2000,$2599,2026-03-11
MacBook Pro,14,M5 Pro,15,16,24,1000,$2199,2026-03-11
MacBook Pro,14,M4 Pro,14,20,24,8000,$4699,2024-11-08
MacBook Pro,16,M4 Pro,14,20,24,8000,$4699,2024-11-08
MacBook Pro,14,M4 Pro,14,20,24,4000,$3699,2024-11-08
MacBook Pro,16,M4 Pro,14,20,24,4000,$3699,2024-11-08
MacBook Pro,14,M4 Pro,14,20,24,2000,$3099,2024-11-08
MacBook Pro,16,M4 Pro,14,20,24,2000,$3099,2024-11-08
MacBook Pro,14,M4 Pro,14,20,24,1000,$2699,2024-11-08
MacBook Pro,16,M4 Pro,14,20,24,1000,$2699,2024-11-08
MacBook Pro,14,M4 Pro,14,20,24,512,$2499,2024-11-08
MacBook Pro,16,M4 Pro,14,20,24,512,$2499,2024-11-08
MacBook Pro,14,M4 Pro,12,16,24,8000,$4199,2024-11-08
MacBook Pro,14,M4 Pro,12,16,24,4000,$3199,2024-11-08
MacBook Pro,14,M4 Pro,12,16,24,2000,$2599,2024-11-08
MacBook Pro,14,M4 Pro,12,16,24,1000,$2199,2024-11-08
MacBook Pro,14,M4 Pro,12,16,24,512,$1999,2024-11-08
MacBook Air,13,M5,10,10,24,4000,$2699,2026-03-11
MacBook Air,15,M5,10,10,24,4000,$2699,2026-03-11
MacBook Pro,14,M4,10,10,24,4000,$2999,2024-11-08
MacBook Pro,14,M5,10,10,24,4000,$2999,2025-10-24
MacBook Air,13,M4,10,10,24,2000,$2199,2025-03-05
MacBook Air,15,M4,10,10,24,2000,$2199,2025-03-05
MacBook Air,13,M5,10,10,24,2000,$2099,2026-03-11
MacBook Air,15,M5,10,10,24,2000,$2099,2026-03-11
MacBook Pro,14,M4,10,10,24,2000,$2399,2024-11-08
MacBook Pro,14,M5,10,10,24,2000,$2399,2025-10-24
MacBook Air,13,M4,10,10,24,1000,$1799,2025-03-05
MacBook Air,15,M4,10,10,24,1000,$1799,2025-03-05
MacBook Air,13,M5,10,10,24,1000,$1699,2026-03-11
MacBook Air,15,M5,10,10,24,1000,$1699,2026-03-11
MacBook Pro,14,M4,10,10,24,1000,$1999,2024-11-08
MacBook Pro,14,M5,10,10,24,1000,$1999,2025-10-24
MacBook Air,13,M4,10,10,24,512,$1599,2025-03-05
MacBook Air,15,M4,10,10,24,512,$1599,2025-03-05
MacBook Air,13,M5,10,10,24,512,$1399,2026-03-11
MacBook Air,15,M5,10,10,24,512,$1499,2026-03-11
MacBook Pro,14,M4,10,10,24,512,$1799,2024-11-08
MacBook Pro,14,M5,10,10,24,512,$1799,2025-10-24
MacBook Air,13,M4,10,10,24,256,$1399,2025-03-05
MacBook Air,15,M4,10,10,24,256,$1399,2025-03-05
MacBook Pro,14,M3,8,10,24,4000,$3199,2023-11-07
MacBook Air,13,M2,8,10,24,2000,$2499,2022-07-15
MacBook Air,15,M2,8,10,24,2000,$2499,2023-06-12
MacBook Air,13,M3,8,10,24,2000,$2499,2024-03-08
MacBook Air,15,M3,8,10,24,2000,$2499,2024-03-08
MacBook Pro,13,M2,8,10,24,2000,$2499,2022-06-06
MacBook Pro,14,M3,8,10,24,2000,$2599,2023-11-07
MacBook Air,13,M2,8,10,24,1000,$2099,2022-07-15
MacBook Air,15,M2,8,10,24,1000,$2099,2023-06-12
MacBook Air,13,M3,8,10,24,1000,$2099,2024-03-08
MacBook Air,15,M3,8,10,24,1000,$2099,2024-03-08
MacBook Pro,13,M2,8,10,24,1000,$2099,2022-06-06
MacBook Pro,14,M3,8,10,24,1000,$2199,2023-11-07
MacBook Air,13,M2,8,10,24,512,$1899,2022-07-15
MacBook Air,15,M2,8,10,24,512,$1899,2023-06-12
MacBook Air,13,M3,8,10,24,512,$1899,2024-03-08
MacBook Air,15,M3,8,10,24,512,$1899,2024-03-08
MacBook Pro,13,M2,8,10,24,512,$1899,2022-06-06
MacBook Pro,14,M3,8,10,24,512,$1999,2023-11-07
MacBook Air,15,M2,8,10,24,256,$1699,2023-06-12
MacBook Air,13,M3,8,10,24,256,$1699,2024-03-08
MacBook Air,15,M3,8,10,24,256,$1699,2024-03-08
MacBook Pro,13,M2,8,10,24,256,$1699,2022-06-06
MacBook Pro,14,M3 Pro,12,18,18,8000,$4599,2023-11-07
MacBook Pro,16,M3 Pro,12,18,18,8000,$4699,2023-11-07
MacBook Pro,14,M3 Pro,12,18,18,4000,$3599,2023-11-07
MacBook Pro,16,M3 Pro,12,18,18,4000,$3699,2023-11-07
MacBook Pro,14,M3 Pro,12,18,18,2000,$2999,2023-11-07
MacBook Pro,16,M3 Pro,12,18,18,2000,$3099,2023-11-07
MacBook Pro,14,M3 Pro,12,18,18,1000,$2599,2023-11-07
MacBook Pro,16,M3 Pro,12,18,18,1000,$2699,2023-11-07
MacBook Pro,14,M3 Pro,12,18,18,512,$2399,2023-11-07
MacBook Pro,16,M3 Pro,12,18,18,512,$2499,2023-11-07
MacBook Pro,14,M3 Pro,11,14,18,8000,$4199,2023-11-07
MacBook Pro,14,M3 Pro,11,14,18,4000,$3199,2023-11-07
MacBook Pro,14,M3 Pro,11,14,18,2000,$2599,2023-11-07
MacBook Pro,14,M3 Pro,11,14,18,1000,$2199,2023-11-07
MacBook Pro,14,M3 Pro,11,14,18,512,$1999,2023-11-07
MacBook Pro,14,M2 Pro,12,19,16,8000,$4699,2023-01-24
MacBook Pro,16,M2 Pro,12,19,16,8000,$4699,2023-01-24
MacBook Pro,14,M2 Pro,12,19,16,4000,$3699,2023-01-24
MacBook Pro,16,M2 Pro,12,19,16,4000,$3699,2023-01-24
MacBook Pro,14,M2 Pro,12,19,16,2000,$3099,2023-01-24
MacBook Pro,16,M2 Pro,12,19,16,2000,$3099,2023-01-24
MacBook Pro,14,M2 Pro,12,19,16,1000,$2699,2023-01-24
MacBook Pro,16,M2 Pro,12,19,16,1000,$2699,2023-01-24
MacBook Pro,14,M2 Pro,12,19,16,512,$2499,2023-01-24
MacBook Pro,16,M2 Pro,12,19,16,512,$2499,2023-01-24
MacBook Pro,14,M1 Pro,10,16,16,8000,$4299,2021-10-26
MacBook Pro,16,M1 Pro,10,16,16,8000,$4699,2021-10-26
MacBook Pro,14,M2 Pro,10,16,16,8000,$4199,2023-01-24
MacBook Pro,14,M1 Pro,10,16,16,4000,$3299,2021-10-26
MacBook Pro,16,M1 Pro,10,16,16,4000,$3699,2021-10-26
MacBook Pro,14,M2 Pro,10,16,16,4000,$3199,2023-01-24
MacBook Pro,14,M1 Pro,10,16,16,2000,$2699,2021-10-26
MacBook Pro,16,M1 Pro,10,16,16,2000,$3099,2021-10-26
MacBook Pro,14,M2 Pro,10,16,16,2000,$2599,2023-01-24
MacBook Pro,14,M1 Pro,10,16,16,1000,$2499,2021-10-26
MacBook Pro,16,M1 Pro,10,16,16,1000,$2699,2021-10-26
MacBook Pro,14,M2 Pro,10,16,16,1000,$2199,2023-01-24
MacBook Pro,16,M1 Pro,10,16,16,512,$2499,2021-10-26
MacBook Pro,14,M2 Pro,10,16,16,512,$1999,2023-01-24
MacBook Air,13,M5,10,10,16,4000,$2499,2026-03-11
MacBook Air,15,M5,10,10,16,4000,$2499,2026-03-11
MacBook Pro,14,M4,10,10,16,4000,$2799,2024-11-08
MacBook Pro,14,M5,10,10,16,4000,$2799,2025-10-24
MacBook Air,13,M4,10,10,16,2000,$1999,2025-03-05
MacBook Air,15,M4,10,10,16,2000,$1999,2025-03-05
MacBook Air,13,M5,10,10,16,2000,$1899,2026-03-11
MacBook Air,15,M5,10,10,16,2000,$1899,2026-03-11
MacBook Pro,14,M4,10,10,16,2000,$2199,2024-11-08
MacBook Pro,14,M5,10,10,16,2000,$2199,2025-10-24
MacBook Air,13,M4,10,10,16,1000,$1599,2025-03-05
MacBook Air,15,M4,10,10,16,1000,$1599,2025-03-05
MacBook Air,13,M5,10,10,16,1000,$1499,2026-03-11
MacBook Air,15,M5,10,10,16,1000,$1499,2026-03-11
MacBook Pro,14,M4,10,10,16,1000,$1799,2024-11-08
MacBook Pro,14,M5,10,10,16,1000,$1799,2025-10-24
MacBook Air,13,M4,10,10,16,512,$1399,2025-03-05
MacBook Air,15,M4,10,10,16,512,$1399,2025-03-05
MacBook Air,13,M5,10,10,16,512,$1199,2026-03-11
MacBook Air,15,M5,10,10,16,512,$1299,2026-03-11
MacBook Pro,14,M4,10,10,16,512,$1599,2024-11-08
MacBook Pro,14,M5,10,10,16,512,$1599,2025-10-24
MacBook Air,13,M4,10,10,16,256,$1199,2025-03-05
MacBook Air,15,M4,10,10,16,256,$1199,2025-03-05
MacBook Air,13,M5,10,8,16,4000,$2299,2026-03-11
MacBook Air,13,M4,10,8,16,2000,$1799,2025-03-05
MacBook Air,13,M5,10,8,16,2000,$1699,2026-03-11
MacBook Air,13,M4,10,8,16,1000,$1399,2025-03-05
MacBook Air,13,M5,10,8,16,1000,$1299,2026-03-11
MacBook Air,13,M4,10,8,16,512,$1199,2025-03-05
MacBook Air,13,M5,10,8,16,512,$1099,2026-03-11
MacBook Air,13,M4,10,8,16,256,$999,2025-03-05
MacBook Pro,14,M1 Pro,8,14,16,8000,$4199,2021-10-26
MacBook Pro,14,M1 Pro,8,14,16,4000,$3199,2021-10-26
MacBook Pro,14,M1 Pro,8,14,16,2000,$2599,2021-10-26
MacBook Pro,14,M1 Pro,8,14,16,1000,$2199,2021-10-26
MacBook Pro,14,M1 Pro,8,14,16,512,$1999,2021-10-26
MacBook Pro,14,M3,8,10,16,4000,$2999,2023-11-07
MacBook Air,13,M2,8,10,16,2000,$2299,2022-07-15
MacBook Air,15,M2,8,10,16,2000,$2299,2023-06-12
MacBook Air,13,M3,8,10,16,2000,$2299,2024-03-08
MacBook Air,15,M3,8,10,16,2000,$2299,2024-03-08
MacBook Pro,13,M2,8,10,16,2000,$2299,2022-06-06
MacBook Pro,14,M3,8,10,16,2000,$2399,2023-11-07
MacBook Air,13,M2,8,10,16,1000,$1899,2022-07-15
MacBook Air,15,M2,8,10,16,1000,$1899,2023-06-12
MacBook Air,13,M3,8,10,16,1000,$1899,2024-03-08
MacBook Air,15,M3,8,10,16,1000,$1899,2024-03-08
MacBook Pro,13,M2,8,10,16,1000,$1899,2022-06-06
MacBook Pro,14,M3,8,10,16,1000,$1999,2023-11-07
MacBook Air,13,M2,8,10,16,512,$1699,2022-07-15
MacBook Air,15,M2,8,10,16,512,$1699,2023-06-12
MacBook Air,13,M3,8,10,16,512,$1699,2024-03-08
MacBook Air,15,M3,8,10,16,512,$1699,2024-03-08
MacBook Pro,13,M2,8,10,16,512,$1699,2022-06-06
MacBook Pro,14,M3,8,10,16,512,$1799,2023-11-07
MacBook Air,15,M2,8,10,16,256,$1499,2023-06-12
MacBook Air,13,M3,8,10,16,256,$1499,2024-03-08
MacBook Air,15,M3,8,10,16,256,$1499,2024-03-08
MacBook Pro,13,M2,8,10,16,256,$1499,2022-06-06
MacBook Air,13,M1,8,8,16,2000,$2249,2020-11-17
MacBook Air,13,M2,8,8,16,2000,$2199,2022-07-15
MacBook Air,13,M3,8,8,16,2000,$2099,2024-03-08
MacBook Pro,13,M1,8,8,16,2000,$2299,2020-11-17
MacBook Air,13,M1,8,8,16,1000,$1849,2020-11-17
MacBook Air,13,M2,8,8,16,1000,$1799,2022-07-15
MacBook Air,13,M3,8,8,16,1000,$1699,2024-03-08
MacBook Pro,13,M1,8,8,16,1000,$1899,2020-11-17
MacBook Air,13,M1,8,8,16,512,$1649,2020-11-17
MacBook Air,13,M2,8,8,16,512,$1599,2022-07-15
MacBook Air,13,M3,8,8,16,512,$1499,2024-03-08
MacBook Pro,13,M1,8,8,16,512,$1699,2020-11-17
MacBook Air,13,M1,8,8,16,256,$1449,2020-11-17
MacBook Air,13,M2,8,8,16,256,$1399,2022-07-15
MacBook Air,13,M3,8,8,16,256,$1299,2024-03-08
MacBook Pro,13,M1,8,8,16,256,$1499,2020-11-17
MacBook Air,13,M1,8,7,16,2000,$1999,2020-11-17
MacBook Air,13,M1,8,7,16,1000,$1599,2020-11-17
MacBook Air,13,M1,8,7,16,512,$1399,2020-11-17
MacBook Air,13,M1,8,7,16,256,$1199,2020-11-17
MacBook Pro,14,M3,8,10,8,4000,$2799,2023-11-07
MacBook Air,13,M2,8,10,8,2000,$2099,2022-07-15
MacBook Air,15,M2,8,10,8,2000,$2099,2023-06-12
MacBook Air,13,M3,8,10,8,2000,$2099,2024-03-08
MacBook Air,15,M3,8,10,8,2000,$2099,2024-03-08
MacBook Pro,13,M2,8,10,8,2000,$2099,2022-06-06
MacBook Pro,14,M3,8,10,8,2000,$2199,2023-11-07
MacBook Air,13,M2,8,10,8,1000,$1699,2022-07-15
MacBook Air,15,M2,8,10,8,1000,$1699,2023-06-12
MacBook Air,13,M3,8,10,8,1000,$1699,2024-03-08
MacBook Air,15,M3,8,10,8,1000,$1699,2024-03-08
MacBook Pro,13,M2,8,10,8,1000,$1699,2022-06-06
MacBook Pro,14,M3,8,10,8,1000,$1799,2023-11-07
MacBook Air,13,M2,8,10,8,512,$1499,2022-07-15
MacBook Air,15,M2,8,10,8,512,$1499,2023-06-12
MacBook Air,13,M3,8,10,8,512,$1499,2024-03-08
MacBook Air,15,M3,8,10,8,512,$1499,2024-03-08
MacBook Pro,13,M2,8,10,8,512,$1499,2022-06-06
MacBook Pro,14,M3,8,10,8,512,$1599,2023-11-07
MacBook Air,15,M2,8,10,8,256,$1299,2023-06-12
MacBook Air,13,M3,8,10,8,256,$1299,2024-03-08
MacBook Air,15,M3,8,10,8,256,$1299,2024-03-08
MacBook Pro,13,M2,8,10,8,256,$1299,2022-06-06
MacBook Air,13,M1,8,8,8,2000,$2049,2020-11-17
MacBook Air,13,M2,8,8,8,2000,$1999,2022-07-15
MacBook Air,13,M3,8,8,8,2000,$1899,2024-03-08
MacBook Pro,13,M1,8,8,8,2000,$2099,2020-11-17
MacBook Air,13,M1,8,8,8,1000,$1649,2020-11-17
MacBook Air,13,M2,8,8,8,1000,$1599,2022-07-15
MacBook Air,13,M3,8,8,8,1000,$1499,2024-03-08
MacBook Pro,13,M1,8,8,8,1000,$1699,2020-11-17
MacBook Air,13,M1,8,8,8,512,$1449,2020-11-17
MacBook Air,13,M2,8,8,8,512,$1399,2022-07-15
MacBook Air,13,M3,8,8,8,512,$1299,2024-03-08
MacBook Pro,13,M1,8,8,8,512,$1499,2020-11-17
MacBook Air,13,M1,8,8,8,256,$1249,2020-11-17
MacBook Air,13,M2,8,8,8,256,$1199,2022-07-15
MacBook Air,13,M3,8,8,8,256,$1099,2024-03-08
MacBook Pro,13,M1,8,8,8,256,$1299,2020-11-17
MacBook Air,13,M1,8,7,8,2000,$1799,2020-11-17
MacBook Air,13,M1,8,7,8,1000,$1399,2020-11-17
MacBook Air,13,M1,8,7,8,512,$1199,2020-11-17
MacBook Air,13,M1,8,7,8,256,$999,2020-11-17
MacBook Neo,13,A18 Pro,6,5,8,512,$699,2026-03-11
MacBook Neo,13,A18 Pro,6,5,8,256,$599,2026-03-11
